"Id","Success","Created","Error"
"a00gL00000GIKn3QAH","true","true",""
"a00gL00000GIKn4QAH","true","true",""
"a00gL00000GIKn5QAH","true","true",""
"a00gL00000GIKn6QAH","true","true",""
"a00gL00000GIKn7QAH","true","true",""
"a00gL00000GIKn8QAH","true","true",""
"a00gL00000GIKn9QAH","true","true",""
"a00gL00000GIKnAQAX","true","true",""
"a00gL00000GIKnBQAX","true","true",""
"a00gL00000GIKnCQAX","true","true",""
"a00gL00000GIKnDQAX","true","true",""
"a00gL00000GIKnEQAX","true","true",""
"a00gL00000GIKnFQAX","true","true",""
"a00gL00000GIKnGQAX","true","true",""
"a00gL00000GIKnHQAX","true","true",""
"a00gL00000GIKnIQAX","true","true",""
"a00gL00000GIKnJQAX","true","true",""
"a00gL00000GIKnKQAX","true","true",""
"a00gL00000GIKnLQAX","true","true",""
"a00gL00000GIKnMQAX","true","true",""
